{"cameraMode":{"drawMode":0,"name":"Shaded","section":"Shading Mode"},"sceneLighting":true,"audioPlay":false,"sceneViewState":{"showFog":true,"showMaterialUpdate":false,"showSkybox":true,"showFlares":true,"showImageEffects":true,"showParticleSystems":true},"in2DMode":false,"pivot":{"x":30.673330307006837,"y":15.918213844299317,"z":-59.221336364746097},"rotation":{"x":0.09521427750587464,"y":0.902698814868927,"z":-0.3277731239795685,"w":0.2621253430843353},"size":5.314355850219727,"orthographic":false}