{"cameraMode":{"drawMode":0,"name":"Shaded","section":"Shading Mode"},"sceneLighting":true,"audioPlay":false,"sceneViewState":{"showFog":true,"showMaterialUpdate":false,"showSkybox":true,"showFlares":true,"showImageEffects":true,"showParticleSystems":true},"in2DMode":false,"pivot":{"x":-50.611915588378909,"y":1.9511265754699708,"z":9.447885513305664},"rotation":{"x":-0.15665100514888764,"y":-0.8274886012077332,"z":0.2820453643798828,"w":-0.4595673680305481},"size":9.174468040466309,"orthographic":false}